pos,2016,2015,2014,2013,2012,2011,20101,Goldman Sachs,Goldman Sachs,Goldman Sachs,Goldman Sachs,Goldman Sachs,Goldman Sachs,Goldman Sachs2,JPMorgan,JPMorgan,JPMorgan,JPMorgan,JPMorgan,JPMorgan,JPMorgan3,Morgan Stanley,Morgan Stanley,Morgan Stanley,Morgan Stanley,Morgan Stanley,Morgan Stanley,Morgan Stanley4,Bank of America Merrill Lynch,Bank of America Merrill Lynch,Bank of America Merrill Lynch,Bank of America Merrill Lynch,Credit Suisse,Credit Suisse,Credit Suisse5,Citi,Citi,Citi,Citi,Bank of America Merrill Lynch,Bank of America Merrill Lynch,Deutsche Bank6,Credit Suisse,Lazard,Barclays,Barclays,Deutsche Bank,Deutsche Bank,Bank of America Merrill Lynch7,Barclays,Barclays,Deutsche Bank,Credit Suisse,Barclays,UBS,UBS8,Lazard,Deutsche Bank,Credit Suisse,Lazard,Lazard,Lazard,Citi9,Evercore Partners Inc,Credit Suisse,Lazard,Deutsche Bank,Citi,Barclays,Lazard10,UBS,Rothschild & Co,UBS,UBS,UBS,Citi,Barclays11,Deutsche Bank,UBS,Jefferies LLC,Evercore Partners Inc,Rothschild & Co,Rothschild & Co,Rothschild & Co12,Jefferies LLC,Centerview Partners,Evercore Partners Inc,Jefferies LLC,Jefferies LLC,Jefferies LLC,Jefferies LLC13,Rothschild & Co,Evercore Partners Inc,Rothschild & Co,Rothschild & Co,RBC Capital Markets,Nomura,Perella Weinberg Partners LP14,Centerview Partners,Jefferies LLC,RBC Capital Markets,RBC Capital Markets,Evercore Partners Inc,RBC Capital Markets,Nomura15,Houlihan Lokey,Houlihan Lokey,Centerview Partners,Houlihan Lokey,Moelis & Co,Macquarie Group,Macquarie Group16,Moelis & Co,RBC Capital Markets,Moelis & Co,Moelis & Co,Nomura,Evercore Partners Inc,RBC Capital Markets17,RBC Capital Markets,Qatalyst Partners,Houlihan Lokey,Centerview Partners,Macquarie Group,BNP Paribas,BNP Paribas18,Wells Fargo Securities,Moelis & Co,Macquarie Group,Macquarie Group,Houlihan Lokey,HSBC,Stifel19,Nomura,Macquarie Group,Perella Weinberg Partners LP,Greenhill & Co,Perella Weinberg Partners LP,Perella Weinberg Partners LP,Evercore Partners Inc20,Greenhill & Co,Wells Fargo Securities,Wells Fargo Securities,Nomura,BMO Capital Markets,Houlihan Lokey,Greenhill & Co21,Qatalyst Partners,Nomura,BNP Paribas,Perella Weinberg Partners LP,Greenhill & Co,BMO Capital Markets,HSBC22,Perella Weinberg Partners LP,Perella Weinberg Partners LP,Qatalyst Partners,Wells Fargo Securities,Wells Fargo Securities,SG Corporate & Investment Banking,Houlihan Lokey23,Macquarie Group,BNP Paribas,Nomura,BNP Paribas,Stifel,Moelis & Co,Moelis & Co24,Guggenheim Partners LLC,HSBC,Piper Jaffray & Co,HSBC,TD Securities Inc,Greenhill & Co,BMO Capital Markets25,BNP Paribas,Stifel,Stifel,Stifel,Qatalyst Partners,Stifel,Centerview Partners26,Sandler O'Neill & Partners,BMO Capital Markets,Greenhill & Co,Piper Jaffray & Co,Centerview Partners,Qatalyst Partners,PJT Partners Inc27,PJT Partners Inc,Sandler O'Neill & Partners,BMO Capital Markets,SG Corporate & Investment Banking,BNP Paribas,Wells Fargo Securities,Scotiabank 28,BMO Capital Markets,Piper Jaffray & Co,Scotiabank,Qatalyst Partners,HSBC,Credit Agricole CIB,Daiwa Securities29,Stifel,Greenhill & Co,HSBC,BMO Capital Markets,BTG Pactual,Scotiabank ,TD Securities Inc30,HSBC,PJT Partners Inc,Sandler O'Neill & Partners,Canaccord Genuity Corp,PJT Partners Inc,ING,SG Corporate & Investment Banking31,Piper Jaffray & Co,William Blair & Co LLC,Robert W Baird & Co,Daiwa Securities,Scotiabank ,CIBC World Markets,CIMB Group32,William Blair & Co LLC,Allen & Co Inc,Raymond James & Associates Inc,Sandler O'Neill & Partners,GMP Capital Inc,TD Securities Inc,Santander33,Robert W Baird & Co,Guggenheim Partners LLC,William Blair & Co LLC,PwC,SG Corporate & Investment Banking,Canaccord Genuity Corp,Piper Jaffray & Co34,Robey Warshaw LLP,Robert W Baird & Co,Itau BBA,BDO,Sandler O'Neill & Partners,Centerview Partners,Mizuho35,LionTree Advisors LLC,Raymond James & Associates Inc,TD Securities Inc,KPMG Corporate Finance,Canaccord Genuity Corp,Robert W Baird & Co,BTG Pactual36,Allen & Co Inc,PwC,KPMG Corporate Finance,Scotiabank,Standard Chartered Bank,BTG Pactual,Standard Chartered Bank37,Deloitte & Touche LLP,Lincoln International LLC,PwC,Robert W Baird & Co,Daiwa Securities,NatWest Markets,Canaccord Genuity Corp38,Raymond James & Associates Inc,Itau BBA,PNC Bank NA,Mizuho,Robert W Baird & Co,PJT Partners Inc,Deloitte & Touche LLP39,Mizuho,Sumitomo Mitsui Financial Group,Lincoln International LLC,Guggenheim Partners LLC,Itau BBA,Daiwa Securities,Credit Agricole CIB40,China International Capital Corp Ltd,BTG Pactual,SG Corporate & Investment Banking,William Blair & Co LLC,Piper Jaffray & Co,CIMB Group,GMP Capital Inc41,Scotiabank ,Daiwa Securities,Deloitte & Touche LLP,Raymond James & Associates Inc,William Blair & Co LLC,Sandler O'Neill & Partners,NatWest Markets42,Daiwa Securities,TD Securities Inc,Canaccord Genuity Corp,TD Securities Inc,Sumitomo Mitsui Financial Group,KPMG Corporate Finance,Itau BBA43,Lincoln International LLC,PNC Bank NA,Credit Agricole CIB,Lincoln International LLC,BDO,Itau BBA,KPMG Corporate Finance44,BDO,KPMG Corporate Finance,BDO,Natixis,Raymond James & Associates Inc,Leonardo & Co,CIBC World Markets45,Credit Agricole CIB,Mizuho,Ernst & Young,Sumitomo Mitsui Financial Group,KPMG Corporate Finance,Piper Jaffray & Co,GCA Corp (Japan)46,SG Corporate & Investment Banking,LionTree Advisors LLC,Daiwa Securities,Leonardo & Co,Mizuho,GMP Capital Inc,Robert W Baird & Co47,Natixis,Deloitte & Touche LLP,Green Square Associates Ltd,BTG Pactual,GCA Corp (Japan),Lincoln International LLC,UniCredit48,TD Securities Inc,SG Corporate & Investment Banking,PJT Partners Inc,PJT Partners Inc,National Bank Financial,Sumitomo Mitsui Financial Group,Sumitomo Mitsui Financial Group49,GCA Corp (Japan),BDO,BTG Pactual,UniCredit,SEB,Ernst & Young,Mediobanca50,Itau BBA,CIBC World Markets,GCA Corp (Japan),Ernst & Young,Lincoln International LLC,Raymond James & Associates Inc,BDO51,KPMG Corporate Finance,Scotiabank ,Mizuho,VTB Capital,PwC,Deloitte & Touche LLP,Ernst & Young52,Raine Group LLC,Zaoui & Co,Allen & Co Inc,Credit Agricole CIB,Deloitte & Touche LLP,Allen & Co Inc,Qatalyst Partners53,Sumitomo Mitsui Financial Group,Ernst & Young,Sumitomo Mitsui Financial Group,Mediobanca,PNC Bank NA,BDO,Sandler O'Neill & Partners54,PwC,Stephens,UniCredit,Deloitte & Touche LLP,CIBC World Markets,Mizuho,William Blair & Co LLC55,CIBC World Markets,Mediobanca,Guggenheim Partners LLC,Stephens,Leonardo & Co,Santander,Raymond James & Associates Inc56,Santander,GCA Corp (Japan),GMP Capital Inc,Rabobank,Mediobanca,Standard Chartered Bank,SEB57,Ernst & Young,KeyBanc Capital Markets,CIBC World Markets,SunTrust Robinson Humphrey Inc,Stephens,UniCredit,Lincoln International LLC58,UniCredit,Natixis,Stephens,CIBC World Markets,ING,William Blair & Co LLC,PNC Bank NA59,PNC Bank NA,China International Capital Corp Ltd,SEB,Itau BBA,Bradesco BBI,GCA Corp (Japan),Haitong Securities Ltd60,Intesa Sanpaolo SpA,Credit Agricole CIB,Mediobanca,SEB,NatWest Markets,VTB Capital,Allen & Co Inc61,KeyBanc Capital Markets,UniCredit,ING,ING,UniCredit,Natixis,ING62,Stephens,Canaccord Genuity Corp,Leonardo & Co,Santander,Ernst & Young,National Bank Financial,Wells Fargo Securities63,Mediobanca,Standard Chartered Bank,National Bank Financial,LionTree Advisors LLC,Credit Agricole CIB,SEB,Mitsubishi UFJ Financial Group64,ING,SunTrust Robinson Humphrey Inc,KeyBanc Capital Markets,GMP Capital Inc,Natixis,PwC,Investec Ltd65,BTG Pactual,Leerink Partners LLC,Oppenheimer & Co Inc,GCA Corp (Japan),CIMB Group,Gresham Partners Group Ltd,Intesa Sanpaolo SpA66,Clearwater International,ING,Intesa Sanpaolo SpA,Standard Chartered Bank,Sberbank CIB,Mediobanca,Oppenheimer & Co Inc67,Rabobank,China Renaissance Partners,Natixis,Intesa Sanpaolo SpA,VTB Capital,BBVA,VTB Capital68,BBVA,Investec Ltd,SunTrust Robinson Humphrey Inc,China International Capital Corp Ltd,Rabobank,Intesa Sanpaolo SpA,PwC69,National Bank Financial,Rabobank,Investec Ltd,Allen & Co Inc,Nordea,Haitong Securities Ltd,Rabobank70,Canaccord Genuity Corp,Santander,Bradesco BBI,Bradesco BBI,ABN AMRO Bank,Renaissance Capital,China International Capital Corp Ltd71,GMP Capital Inc,GMP Capital Inc,CIMB Group,CIMB Group,Allen & Co Inc,PNC Bank NA,Foros72,JLL,Duff & Phelps Corp,Rabobank,PNC Bank NA,BBVA,Rabobank,Natixis73,MTS Health Partners,Bradesco BBI,ABN AMRO Bank,BBVA,Green Square Associates Ltd,FirstRand Ltd,JLL74,Huatai Securities Co Ltd,Danske Bank,Dean Bradley Osborne Partners LL,National Bank Financial,KeyBanc Capital Markets,Investec Ltd,Carnegie75,Zaoui & Co,ALANTRA (formerly N+1),Standard Chartered Bank,Sberbank CIB,Svenska Handelsbanken AB,China International Capital Corp Ltd,Gresham Partners Group Ltd76,Haitong Securities Ltd,National Bank Financial,ALANTRA (formerly N+1),Green Square Associates Ltd,SunTrust Robinson Humphrey Inc,Oppenheimer & Co Inc,SunTrust Robinson Humphrey Inc77,SunTrust Robinson Humphrey Inc,Robey Warshaw LLP,Nordea,ABN AMRO Bank,Gleacher & Co Inc,Carnegie,Sagent Advisors Inc78,Carnegie,Leonardo & Co,Santander,Svenska Handelsbanken AB,Investec Ltd,Sberbank CIB,Duff & Phelps Corp79,SEB,CITIC Securities,Financo Inc,Nordea,Intesa Sanpaolo SpA,RHB Capital Bhd,BBVA80,Union Square Advisors LLC,Clearwater International,China International Capital Corp Ltd,Carnegie,Gresham Partners Group Ltd,Nordea,Gazprombank81,China Renaissance Partners,Intesa Sanpaolo SpA,Livingstone Partners LLP,Haitong Securities Ltd,Maybank,Commerzbank Group,Guggenheim Partners LLC82,Cowen & Company LLC,BBVA,BBVA,Ondra Partners LLP,Carnegie,Stephens,ABG Sundal Collier83,ABN AMRO Bank,Arma Partners,Gresham Partners Group Ltd,CBRE Group Inc,Duff & Phelps Corp,Bradesco BBI,Clairfield International LLC84,Standard Chartered Bank,Mitsubishi UFJ Financial Group,Carnegie,Millstein & Co,ALANTRA (formerly N+1),Duff & Phelps Corp,RHB Capital Bhd85,Investec Ltd,RHB Capital Bhd,Raine Group LLC,KeyBanc Capital Markets,Aquasia Pty Ltd,JLL,National Bank Financial86,Gresham Partners Group Ltd,SEB,DBS,RHB Capital Bhd,Haitong Securities Ltd,Gazprombank,CITIC Securities87,VTB Capital,Baker Tilly International,Sberbank CIB,BDT & Co LLC,Peters & Co Ltd,CBRE Group Inc,Leonardo & Co88,Financial Technology Partners LP,Generational Equity Co,LionTree Advisors LLC,Investec Ltd,Clairfield International LLC,Korea Development Bank - KDB,Bradesco BBI89,Bradesco BBI,VTB Capital,VTB Capital,Leerink Partners LLC,Commerzbank Group,Flagstaff Partners Pty Ltd,Stephens90,Danske Bank,Bank Degroof Petercam SA/NV,Maybank,Renaissance Capital,RHB Capital Bhd,Peters & Co Ltd,CaixaBI91,ALANTRA (formerly N+1),Willis Towers Watson plc,Arma Partners,Raine Group LLC,JLL,Cormark Securities Inc,Gleacher & Co Inc92,China Securities Co Ltd,ABN AMRO Bank,Leerink Partners LLC,JLL,MTS Health Partners,China Renaissance Partners,Pareto Securities AS93,CITIC Securities,Oppenheimer & Co Inc,Clearwater International,Capitalmind,Gazprombank,Morgan Joseph TriArtisan,Stone Key Partners LLC94,BDT & Co LLC,CIMB Group,Petsky Prunier LLC,Maybank,Sagent Advisors Inc,Livingstone Partners LLP,Sberbank CIB95,Peters & Co Ltd,Petsky Prunier LLC,Svenska Handelsbanken AB,Quam Securities Co Ltd,FIH Partners,Stone Key Partners LLC,Kotak Mahindra Bank Ltd96,CBRE Group Inc,Cowen & Company LLC,Duff & Phelps Corp,Signal Hill Capital Group LLC,Needham & Company LLC,ALANTRA (formerly N+1),Danske Bank97,Leerink Partners LLC,Haitong Securities Ltd,Zaoui & Co,ANZ,Oppenheimer & Co Inc,ABG Sundal Collier,Signal Hill Capital Group LLC98,Bank Degroof Petercam SA/NV,Cantor Fitzgerald & Co,Danske Bank,Sagent Advisors Inc,Ondra Partners LLP,DBS,Swedbank99,CIMB Group,Numis Securities,Fort Street Advisers,Larrain Vial SA,CBRE Group Inc,Hartleys Ltd,Svenska Handelsbanken AB100,Duff & Phelps Corp,BB&T Capital Markets,Gleacher Shacklock Ltd,Clairfield International LLC,China International Capital Corp Ltd,BDT & Co LLC,Cormark Securities Inc